MR;type;STC_id;STC_n_parameters;number_of_FUTCs;local_distance;STC;FUTC_1;FUTC_2;FUTC_3;FUTC_4;FUTC_5;FUTC_6
MR183;EQUIVALENCE_EXTEND;Test-43;18;2;3;[part, eventType, location, locationRadius, maxResults, onBehalfOfContentOwner, order, publishedBefore, publishedAfter, q, safeSearch, type, videoDefinition, videoDimension, videoDuration, videoLicense, videoSyndicated, videoType];[forDeveloper:false, videoCaption:any];[videoEmbeddable:any];[];[];[];[]
MR150;DISJOINT_EXTEND;Test-33;19;1;1;[part, location, locationRadius, maxResults, onBehalfOfContentOwner, order, q, regionCode, relevanceLanguage, safeSearch, type, videoCaption, videoCategoryId, videoDimension, videoDuration, videoEmbeddable, videoLicense:youtube, videoSyndicated, videoType];[videoLicense:creativeCommon];[];[];[];[];[]
MR256;DISJOINT_EXTEND;Test-64;14;2;2;[part, forMine, channelId, channelType, eventType:upcoming, location, locationRadius, maxResults, relevanceLanguage, safeSearch, topicId, type, videoCaption, videoCategoryId];[eventType:completed];[eventType:live];[];[];[];[]
MR48;DISJOINT_EXTEND;Test-10;21;1;1;[part, forDeveloper, channelType, location, locationRadius, maxResults, onBehalfOfContentOwner, order, publishedBefore, publishedAfter, q, regionCode, relevanceLanguage, safeSearch, topicId, type, videoCategoryId, videoDimension:2d, videoDuration, videoEmbeddable, videoLicense];[videoDimension:3d];[];[];[];[];[]
MR106;DISJOINT_EXTEND;Test-24;17;1;1;[part, channelId, channelType, eventType, maxResults, pageToken, q, regionCode, relevanceLanguage, safeSearch, type, videoCaption, videoCategoryId, videoDuration, videoLicense:creativeCommon, videoSyndicated, videoType];[videoLicense:youtube];[];[];[];[];[]
MR24;DISJOINT_EXTEND;Test-06;19;1;1;[part, forDeveloper, eventType, maxResults, onBehalfOfContentOwner, order, pageToken, q, regionCode, relevanceLanguage, safeSearch, topicId, type, videoCaption, videoDuration, videoEmbeddable, videoLicense:youtube, videoSyndicated, videoType];[videoLicense:creativeCommon];[];[];[];[];[]
MR94;EQUIVALENCE_EXTEND;Test-20;16;2;2;[part, channelType, eventType, location, locationRadius, onBehalfOfContentOwner, order, q, relevanceLanguage, type, videoCaption, videoCategoryId, videoDefinition, videoDimension, videoDuration, videoType];[videoLicense:any];[videoEmbeddable:any];[];[];[];[]
MR13;DISJOINT_EXTEND;Test-04;19;1;1;[part, channelId, channelType, eventType, location, locationRadius, maxResults, order, publishedBefore, topicId, type, videoCaption, videoCategoryId, videoDefinition, videoDimension, videoDuration, videoEmbeddable, videoLicense:youtube, videoType];[videoLicense:creativeCommon];[];[];[];[];[]
MR28;EQUIVALENCE_EXTEND;Test-06;19;1;1;[part, forDeveloper, eventType, maxResults, onBehalfOfContentOwner, order, pageToken, q, regionCode, relevanceLanguage, safeSearch, topicId, type, videoCaption, videoDuration, videoEmbeddable, videoLicense, videoSyndicated, videoType];[videoDimension:any];[];[];[];[];[]
MR39;EQUIVALENCE_EXTEND;Test-08;19;1;3;[part, channelType, eventType, location, locationRadius, onBehalfOfContentOwner, order, pageToken, publishedAfter, q, relevanceLanguage, safeSearch, type, videoCaption, videoDefinition, videoDimension, videoLicense, videoSyndicated, videoType];[forDeveloper:false, maxResults:5, videoDuration:any];[];[];[];[];[]
MR55;EQUIVALENCE_EXTEND;Test-10;21;1;2;[part, forDeveloper, channelType, location, locationRadius, maxResults, onBehalfOfContentOwner, order, publishedBefore, publishedAfter, q, regionCode, relevanceLanguage, safeSearch, topicId, type, videoCategoryId, videoDimension, videoDuration, videoEmbeddable, videoLicense];[videoDefinition:any, videoType:any];[];[];[];[];[]
MR162;EQUIVALENCE_EXTEND;Test-37;21;1;2;[part, channelType, location, locationRadius, maxResults, onBehalfOfContentOwner, pageToken, publishedAfter, q, regionCode, relevanceLanguage, safeSearch, type, videoCaption, videoCategoryId, videoDefinition, videoDuration, videoEmbeddable, videoLicense, videoSyndicated, videoType];[forDeveloper:false, order:relevance];[];[];[];[];[]
MR4;DISJOINT_EXTEND;Test-02;27;1;1;[part, forDeveloper, channelId, channelType, eventType, location, locationRadius, maxResults, order, pageToken, publishedBefore, publishedAfter, q, regionCode, relevanceLanguage, safeSearch, topicId, type, videoCaption:none, videoCategoryId, videoDefinition, videoDimension, videoDuration, videoEmbeddable, videoLicense, videoSyndicated, videoType];[videoCaption:closedCaption];[];[];[];[];[]
MR78;DISJOINT_EXTEND;Test-18;11;2;2;[part, forDeveloper, channelType, location, locationRadius, onBehalfOfContentOwner, order, q, regionCode, safeSearch, type:channel];[type:video];[type:playlist];[];[];[];[]
MR54;EQUIVALENCE_EXTEND;Test-10;21;2;2;[part, forDeveloper, channelType, location, locationRadius, maxResults, onBehalfOfContentOwner, order, publishedBefore, publishedAfter, q, regionCode, relevanceLanguage, safeSearch, topicId, type, videoCategoryId, videoDimension, videoDuration, videoEmbeddable, videoLicense];[videoDefinition:any];[videoCaption:any];[];[];[];[]
MR246;EQUIVALENCE_EXTEND;Test-61;20;1;1;[part, forDeveloper, eventType, location, locationRadius, order, publishedAfter, q, regionCode, relevanceLanguage, safeSearch, topicId, type, videoDefinition, videoDimension, videoDuration, videoEmbeddable, videoLicense, videoSyndicated, videoType];[videoCaption:any];[];[];[];[];[]
MR67;DISJOINT_EXTEND;Test-15;19;2;2;[part, forDeveloper, eventType:upcoming, location, locationRadius, maxResults, onBehalfOfContentOwner, q, regionCode, relevanceLanguage, type, videoCaption, videoCategoryId, videoDefinition, videoDimension, videoDuration, videoEmbeddable, videoSyndicated, videoType];[eventType:completed];[eventType:live];[];[];[];[]
MR145;EQUIVALENCE_EXTEND;Test-32;17;1;3;[part, channelType, eventType, location, locationRadius, maxResults, order, q, regionCode, relevanceLanguage, safeSearch, type, videoCaption, videoCategoryId, videoEmbeddable, videoLicense, videoType];[videoDefinition:any, videoDuration:any, videoSyndicated:any];[];[];[];[];[]
MR36;DISJOINT_EXTEND;Test-08;19;1;1;[part, channelType, eventType, location, locationRadius, onBehalfOfContentOwner, order, pageToken, publishedAfter, q, relevanceLanguage, safeSearch, type, videoCaption:none, videoDefinition, videoDimension, videoLicense, videoSyndicated, videoType];[videoCaption:closedCaption];[];[];[];[];[]
MR236;DISJOINT_EXTEND;Test-59;21;1;1;[part, forDeveloper, channelType, eventType, location, locationRadius, maxResults, order, publishedBefore, regionCode, relevanceLanguage, safeSearch, topicId, type, videoCaption, videoCategoryId, videoDefinition:high, videoDimension, videoDuration, videoLicense, videoType];[videoDefinition:standard];[];[];[];[];[]
MR57;DISJOINT_EXTEND;Test-11;12;1;1;[part, forDeveloper, channelType, location, locationRadius, maxResults, order, pageToken, q, relevanceLanguage, topicId, type:channel];[type:video];[];[];[];[];[]
MR8;DISJOINT_EXTEND;Test-03;23;1;1;[part, forDeveloper, channelType, eventType, location, locationRadius, maxResults, onBehalfOfContentOwner, order, pageToken, publishedAfter, q, relevanceLanguage, safeSearch, type, videoCaption, videoCategoryId, videoDefinition, videoDimension:3d, videoEmbeddable, videoLicense, videoSyndicated, videoType];[videoDimension:2d];[];[];[];[];[]
MR109;DISJOINT_EXTEND;Test-24;17;1;1;[part, channelId, channelType, eventType, maxResults, pageToken, q, regionCode, relevanceLanguage, safeSearch, type, videoCaption, videoCategoryId, videoDuration, videoLicense, videoSyndicated, videoType:episode];[videoType:movie];[];[];[];[];[]
MR222;EQUIVALENCE_EXTEND;Test-53;19;1;1;[part, location, locationRadius, order, pageToken, publishedBefore, publishedAfter, q, regionCode, relevanceLanguage, safeSearch, topicId, type, videoCaption, videoDefinition, videoDimension, videoDuration, videoLicense, videoType];[forDeveloper:false];[];[];[];[];[]
MR64;EQUIVALENCE_EXTEND;Test-13;20;1;1;[part, forDeveloper, eventType, location, locationRadius, maxResults, onBehalfOfContentOwner, pageToken, regionCode, safeSearch, type, videoCaption, videoCategoryId, videoDefinition, videoDimension, videoDuration, videoEmbeddable, videoLicense, videoSyndicated, videoType];[order:relevance];[];[];[];[];[]
MR242;DISJOINT_EXTEND;Test-60;11;1;1;[part, forDeveloper, channelId, location, locationRadius, maxResults, order, pageToken, regionCode, safeSearch, type:playlist];[type:video];[];[];[];[];[]
MR201;DISJOINT_EXTEND;Test-49;19;1;1;[part, channelType, eventType, location, locationRadius, order, pageToken, publishedAfter, q, regionCode, relevanceLanguage, safeSearch, type, videoCaption, videoCategoryId, videoDimension, videoDuration:medium, videoSyndicated, videoType];[videoDuration:long];[];[];[];[];[]
MR169;DISJOINT_EXTEND;Test-42;18;2;2;[part, channelType, eventType:live, maxResults, onBehalfOfContentOwner, order, publishedBefore, publishedAfter, q, relevanceLanguage, type, videoCategoryId, videoDefinition, videoDimension, videoDuration, videoEmbeddable, videoLicense, videoType];[eventType:completed];[eventType:upcoming];[];[];[];[]
MR30;DISJOINT_EXTEND;Test-07;14;1;1;[part, channelId, channelType, maxResults, publishedBefore, publishedAfter, regionCode, type, videoCaption, videoCategoryId, videoDefinition:standard, videoDimension, videoEmbeddable, videoType];[videoDefinition:high];[];[];[];[];[]
MR14;DISJOINT_EXTEND;Test-04;19;1;1;[part, channelId, channelType, eventType, location, locationRadius, maxResults, order, publishedBefore, topicId, type, videoCaption, videoCategoryId, videoDefinition:high, videoDimension, videoDuration, videoEmbeddable, videoLicense, videoType];[videoDefinition:standard];[];[];[];[];[]
MR11;DISJOINT_EXTEND;Test-04;19;1;1;[part, channelId, channelType, eventType, location, locationRadius, maxResults, order, publishedBefore, topicId, type, videoCaption, videoCategoryId, videoDefinition, videoDimension:2d, videoDuration, videoEmbeddable, videoLicense, videoType];[videoDimension:3d];[];[];[];[];[]
MR172;DISJOINT_EXTEND;Test-42;18;1;1;[part, channelType, eventType:live, maxResults, onBehalfOfContentOwner, order, publishedBefore, publishedAfter, q, relevanceLanguage, type, videoCategoryId, videoDefinition, videoDimension, videoDuration, videoEmbeddable, videoLicense, videoType];[eventType:completed];[];[];[];[];[]
MR166;DISJOINT_EXTEND;Test-41;20;1;1;[part, forContentOwner, channelId, channelType, eventType:upcoming, location, locationRadius, onBehalfOfContentOwner, order, pageToken, publishedBefore, publishedAfter, q, regionCode, relevanceLanguage, safeSearch, topicId, type, videoCaption, videoCategoryId];[eventType:completed];[];[];[];[];[]
MR241;DISJOINT_EXTEND;Test-60;11;2;2;[part, forDeveloper, channelId, location, locationRadius, maxResults, order, pageToken, regionCode, safeSearch, type:playlist];[type:video];[type:channel];[];[];[];[]
MR157;DISJOINT_EXTEND;Test-35;17;2;2;[part, forMine, channelId, channelType, eventType:upcoming, location, locationRadius, order, pageToken, publishedBefore, regionCode, relevanceLanguage, safeSearch, topicId, type, videoCaption, videoCategoryId];[eventType:completed];[eventType:live];[];[];[];[]
MR126;EQUIVALENCE_EXTEND;Test-28;18;1;1;[part, eventType, location, locationRadius, order, pageToken, q, regionCode, relevanceLanguage, type, videoCaption, videoCategoryId, videoDefinition, videoDimension, videoDuration, videoEmbeddable, videoLicense, videoType];[maxResults:5];[];[];[];[];[]
MR231;DISJOINT_EXTEND;Test-56;19;1;1;[part, channelType, location, locationRadius, onBehalfOfContentOwner, publishedBefore, publishedAfter, q, regionCode, relevanceLanguage, safeSearch, type, videoCaption, videoDefinition, videoDuration:long, videoEmbeddable, videoLicense, videoSyndicated, videoType];[videoDuration:medium];[];[];[];[];[]
MR100;DISJOINT_EXTEND;Test-23;22;1;1;[part, forDeveloper, channelId, channelType, eventType, location, locationRadius, onBehalfOfContentOwner, order, publishedBefore, publishedAfter, q, regionCode, safeSearch, topicId, type, videoCaption, videoDefinition, videoDimension, videoDuration:medium, videoLicense, videoSyndicated];[videoDuration:long];[];[];[];[];[]
MR151;DISJOINT_EXTEND;Test-33;19;2;2;[part, location, locationRadius, maxResults, onBehalfOfContentOwner, order, q, regionCode, relevanceLanguage, safeSearch, type, videoCaption, videoCategoryId, videoDimension, videoDuration:long, videoEmbeddable, videoLicense, videoSyndicated, videoType];[videoDuration:medium];[videoDuration:short];[];[];[];[]
MR63;DISJOINT_EXTEND;Test-13;20;1;1;[part, forDeveloper, eventType, location, locationRadius, maxResults, onBehalfOfContentOwner, pageToken, regionCode, safeSearch, type, videoCaption, videoCategoryId, videoDefinition, videoDimension, videoDuration:short, videoEmbeddable, videoLicense, videoSyndicated, videoType];[videoDuration:long];[];[];[];[];[]
MR244;DISJOINT_EXTEND;Test-61;20;1;1;[part, forDeveloper, eventType:upcoming, location, locationRadius, order, publishedAfter, q, regionCode, relevanceLanguage, safeSearch, topicId, type, videoDefinition, videoDimension, videoDuration, videoEmbeddable, videoLicense, videoSyndicated, videoType];[eventType:completed];[];[];[];[];[]
MR40;EQUIVALENCE_EXTEND;Test-08;19;1;1;[part, channelType, eventType, location, locationRadius, onBehalfOfContentOwner, order, pageToken, publishedAfter, q, relevanceLanguage, safeSearch, type, videoCaption, videoDefinition, videoDimension, videoLicense, videoSyndicated, videoType];[maxResults:5];[];[];[];[];[]
MR233;EQUIVALENCE_EXTEND;Test-56;19;1;1;[part, channelType, location, locationRadius, onBehalfOfContentOwner, publishedBefore, publishedAfter, q, regionCode, relevanceLanguage, safeSearch, type, videoCaption, videoDefinition, videoDuration, videoEmbeddable, videoLicense, videoSyndicated, videoType];[videoDimension:any];[];[];[];[];[]
MR117;DISJOINT_EXTEND;Test-26;19;1;1;[part, channelType, eventType, location, locationRadius, maxResults, onBehalfOfContentOwner, order, pageToken, publishedAfter, regionCode, safeSearch, type, videoCaption, videoCategoryId, videoDimension, videoDuration, videoLicense:creativeCommon, videoType];[videoLicense:youtube];[];[];[];[];[]
MR89;EQUIVALENCE_EXTEND;Test-20;16;1;3;[part, channelType, eventType, location, locationRadius, onBehalfOfContentOwner, order, q, relevanceLanguage, type, videoCaption, videoCategoryId, videoDefinition, videoDimension, videoDuration, videoType];[forDeveloper:false, maxResults:5, videoLicense:any];[];[];[];[];[]
MR19;DISJOINT_EXTEND;Test-05;18;1;1;[part, channelId, channelType, eventType, order, publishedBefore, q, regionCode, relevanceLanguage, safeSearch, topicId, type, videoCategoryId, videoDefinition:high, videoDimension, videoDuration, videoLicense, videoSyndicated];[videoDefinition:standard];[];[];[];[];[]
MR160;DISJOINT_EXTEND;Test-37;21;1;1;[part, channelType, location, locationRadius, maxResults, onBehalfOfContentOwner, pageToken, publishedAfter, q, regionCode, relevanceLanguage, safeSearch, type, videoCaption:closedCaption, videoCategoryId, videoDefinition, videoDuration, videoEmbeddable, videoLicense, videoSyndicated, videoType];[videoCaption:none];[];[];[];[];[]
MR184;EQUIVALENCE_EXTEND;Test-43;18;1;4;[part, eventType, location, locationRadius, maxResults, onBehalfOfContentOwner, order, publishedBefore, publishedAfter, q, safeSearch, type, videoDefinition, videoDimension, videoDuration, videoLicense, videoSyndicated, videoType];[channelType:any, forDeveloper:false, videoCaption:any, videoEmbeddable:any];[];[];[];[];[]
MR33;EQUIVALENCE_EXTEND;Test-07;14;1;2;[part, channelId, channelType, maxResults, publishedBefore, publishedAfter, regionCode, type, videoCaption, videoCategoryId, videoDefinition, videoDimension, videoEmbeddable, videoType];[forDeveloper:false, videoDuration:any];[];[];[];[];[]
MR26;DISJOINT_EXTEND;Test-06;19;2;2;[part, forDeveloper, eventType:live, maxResults, onBehalfOfContentOwner, order, pageToken, q, regionCode, relevanceLanguage, safeSearch, topicId, type, videoCaption, videoDuration, videoEmbeddable, videoLicense, videoSyndicated, videoType];[eventType:completed];[eventType:upcoming];[];[];[];[]
MR152;EQUIVALENCE_EXTEND;Test-33;19;1;1;[part, location, locationRadius, maxResults, onBehalfOfContentOwner, order, q, regionCode, relevanceLanguage, safeSearch, type, videoCaption, videoCategoryId, videoDimension, videoDuration, videoEmbeddable, videoLicense, videoSyndicated, videoType];[forDeveloper:false];[];[];[];[];[]
MR204;EQUIVALENCE_EXTEND;Test-49;19;1;2;[part, channelType, eventType, location, locationRadius, order, pageToken, publishedAfter, q, regionCode, relevanceLanguage, safeSearch, type, videoCaption, videoCategoryId, videoDimension, videoDuration, videoSyndicated, videoType];[forDeveloper:false, maxResults:5];[];[];[];[];[]
MR47;EQUIVALENCE_EXTEND;Test-09;22;3;3;[part, forDeveloper, channelId, eventType, location, locationRadius, order, pageToken, publishedBefore, publishedAfter, q, regionCode, relevanceLanguage, safeSearch, type, videoCaption, videoDefinition, videoDuration, videoEmbeddable, videoLicense, videoSyndicated, videoType];[videoDimension:any];[channelType:any];[maxResults:5];[];[];[]
MR65;DISJOINT_EXTEND;Test-15;19;1;1;[part, forDeveloper, eventType, location, locationRadius, maxResults, onBehalfOfContentOwner, q, regionCode, relevanceLanguage, type, videoCaption, videoCategoryId, videoDefinition, videoDimension, videoDuration:short, videoEmbeddable, videoSyndicated, videoType];[videoDuration:long];[];[];[];[];[]
MR132;DISJOINT_EXTEND;Test-29;17;2;2;[part, channelType, eventType:live, location, locationRadius, onBehalfOfContentOwner, order, q, relevanceLanguage, safeSearch, type, videoDefinition, videoDimension, videoDuration, videoEmbeddable, videoLicense, videoSyndicated];[eventType:completed];[eventType:upcoming];[];[];[];[]
MR155;DISJOINT_EXTEND;Test-35;17;1;1;[part, forMine, channelId, channelType, eventType:upcoming, location, locationRadius, order, pageToken, publishedBefore, regionCode, relevanceLanguage, safeSearch, topicId, type, videoCaption, videoCategoryId];[eventType:completed];[];[];[];[];[]
MR112;EQUIVALENCE_EXTEND;Test-24;17;1;2;[part, channelId, channelType, eventType, maxResults, pageToken, q, regionCode, relevanceLanguage, safeSearch, type, videoCaption, videoCategoryId, videoDuration, videoLicense, videoSyndicated, videoType];[videoDimension:any, videoEmbeddable:any];[];[];[];[];[]
MR164;DISJOINT_EXTEND;Test-39;14;2;2;[part, channelId, channelType, location, locationRadius, onBehalfOfContentOwner, order, publishedAfter, q, regionCode, relevanceLanguage, safeSearch, topicId, type:playlist];[type:video];[type:channel];[];[];[];[]
MR90;EQUIVALENCE_EXTEND;Test-20;16;1;6;[part, channelType, eventType, location, locationRadius, onBehalfOfContentOwner, order, q, relevanceLanguage, type, videoCaption, videoCategoryId, videoDefinition, videoDimension, videoDuration, videoType];[forDeveloper:false, maxResults:5, safeSearch:moderate, videoEmbeddable:any, videoLicense:any, videoSyndicated:any];[];[];[];[];[]
MR128;EQUIVALENCE_EXTEND;Test-28;18;2;4;[part, eventType, location, locationRadius, order, pageToken, q, regionCode, relevanceLanguage, type, videoCaption, videoCategoryId, videoDefinition, videoDimension, videoDuration, videoEmbeddable, videoLicense, videoType];[channelType:any, maxResults:5];[safeSearch:moderate, videoSyndicated:any];[];[];[];[]
MR206;EQUIVALENCE_EXTEND;Test-49;19;1;2;[part, channelType, eventType, location, locationRadius, order, pageToken, publishedAfter, q, regionCode, relevanceLanguage, safeSearch, type, videoCaption, videoCategoryId, videoDimension, videoDuration, videoSyndicated, videoType];[maxResults:5, videoLicense:any];[];[];[];[];[]
MR27;DISJOINT_EXTEND;Test-06;19;1;1;[part, forDeveloper, eventType, maxResults, onBehalfOfContentOwner, order, pageToken, q, regionCode, relevanceLanguage, safeSearch, topicId, type, videoCaption:closedCaption, videoDuration, videoEmbeddable, videoLicense, videoSyndicated, videoType];[videoCaption:none];[];[];[];[];[]
MR197;DISJOINT_EXTEND;Test-49;19;2;2;[part, channelType, eventType:completed, location, locationRadius, order, pageToken, publishedAfter, q, regionCode, relevanceLanguage, safeSearch, type, videoCaption, videoCategoryId, videoDimension, videoDuration, videoSyndicated, videoType];[eventType:live];[eventType:upcoming];[];[];[];[]
MR61;DISJOINT_EXTEND;Test-13;20;1;1;[part, forDeveloper, eventType, location, locationRadius, maxResults, onBehalfOfContentOwner, pageToken, regionCode, safeSearch, type, videoCaption, videoCategoryId, videoDefinition, videoDimension, videoDuration, videoEmbeddable, videoLicense, videoSyndicated, videoType:movie];[videoType:episode];[];[];[];[];[]
MR83;EQUIVALENCE_EXTEND;Test-19;17;1;2;[part, eventType, location, locationRadius, maxResults, order, pageToken, safeSearch, type, videoCategoryId, videoDefinition, videoDimension, videoDuration, videoEmbeddable, videoLicense, videoSyndicated, videoType];[forDeveloper:false, videoCaption:any];[];[];[];[];[]
MR146;EQUIVALENCE_EXTEND;Test-32;17;1;3;[part, channelType, eventType, location, locationRadius, maxResults, order, q, regionCode, relevanceLanguage, safeSearch, type, videoCaption, videoCategoryId, videoEmbeddable, videoLicense, videoType];[videoDefinition:any, videoDimension:any, videoDuration:any];[];[];[];[];[]
MR196;DISJOINT_EXTEND;Test-48;10;1;1;[part, forDeveloper, channelType, location, locationRadius, order, pageToken, regionCode, relevanceLanguage, type:playlist];[type:video];[];[];[];[];[]
MR218;DISJOINT_EXTEND;Test-53;19;1;1;[part, location, locationRadius, order, pageToken, publishedBefore, publishedAfter, q, regionCode, relevanceLanguage, safeSearch, topicId, type, videoCaption, videoDefinition, videoDimension:3d, videoDuration, videoLicense, videoType];[videoDimension:2d];[];[];[];[];[]
MR43;DISJOINT_EXTEND;Test-09;22;1;1;[part, forDeveloper, channelId, eventType, location, locationRadius, order, pageToken, publishedBefore, publishedAfter, q, regionCode, relevanceLanguage, safeSearch, type, videoCaption, videoDefinition, videoDuration, videoEmbeddable, videoLicense:youtube, videoSyndicated, videoType];[videoLicense:creativeCommon];[];[];[];[];[]
MR249;DISJOINT_EXTEND;Test-62;17;1;1;[part, channelId, channelType, eventType:upcoming, maxResults, q, regionCode, relevanceLanguage, safeSearch, type, videoCaption, videoCategoryId, videoDefinition, videoEmbeddable, videoLicense, videoSyndicated, videoType];[eventType:completed];[];[];[];[];[]
MR51;EQUIVALENCE_EXTEND;Test-10;21;2;2;[part, forDeveloper, channelType, location, locationRadius, maxResults, onBehalfOfContentOwner, order, publishedBefore, publishedAfter, q, regionCode, relevanceLanguage, safeSearch, topicId, type, videoCategoryId, videoDimension, videoDuration, videoEmbeddable, videoLicense];[videoDefinition:any];[videoSyndicated:any];[];[];[];[]
MR42;EQUIVALENCE_EXTEND;Test-08;19;1;2;[part, channelType, eventType, location, locationRadius, onBehalfOfContentOwner, order, pageToken, publishedAfter, q, relevanceLanguage, safeSearch, type, videoCaption, videoDefinition, videoDimension, videoLicense, videoSyndicated, videoType];[maxResults:5, videoDuration:any];[];[];[];[];[]
MR144;DISJOINT_EXTEND;Test-32;17;1;1;[part, channelType, eventType:completed, location, locationRadius, maxResults, order, q, regionCode, relevanceLanguage, safeSearch, type, videoCaption, videoCategoryId, videoEmbeddable, videoLicense, videoType];[eventType:live];[];[];[];[];[]
MR17;EQUIVALENCE_EXTEND;Test-04;19;2;2;[part, channelId, channelType, eventType, location, locationRadius, maxResults, order, publishedBefore, topicId, type, videoCaption, videoCategoryId, videoDefinition, videoDimension, videoDuration, videoEmbeddable, videoLicense, videoType];[videoSyndicated:any];[forDeveloper:false];[];[];[];[]
MR104;EQUIVALENCE_EXTEND;Test-23;22;1;2;[part, forDeveloper, channelId, channelType, eventType, location, locationRadius, onBehalfOfContentOwner, order, publishedBefore, publishedAfter, q, regionCode, safeSearch, topicId, type, videoCaption, videoDefinition, videoDimension, videoDuration, videoLicense, videoSyndicated];[maxResults:5, videoType:any];[];[];[];[];[]
MR207;DISJOINT_EXTEND;Test-51;11;2;2;[part, forDeveloper, channelType, location, locationRadius, onBehalfOfContentOwner, order, regionCode, relevanceLanguage, safeSearch, type:channel];[type:video];[type:playlist];[];[];[];[]
MR129;DISJOINT_EXTEND;Test-29;17;1;1;[part, channelType, eventType, location, locationRadius, onBehalfOfContentOwner, order, q, relevanceLanguage, safeSearch, type, videoDefinition, videoDimension, videoDuration, videoEmbeddable, videoLicense:youtube, videoSyndicated];[videoLicense:creativeCommon];[];[];[];[];[]
MR209;DISJOINT_EXTEND;Test-52;18;2;2;[part, channelType, eventType:upcoming, location, locationRadius, onBehalfOfContentOwner, order, pageToken, regionCode, relevanceLanguage, safeSearch, topicId, type, videoCaption, videoDefinition, videoDimension, videoLicense, videoType];[eventType:completed];[eventType:live];[];[];[];[]
MR122;DISJOINT_EXTEND;Test-28;18;1;1;[part, eventType:upcoming, location, locationRadius, order, pageToken, q, regionCode, relevanceLanguage, type, videoCaption, videoCategoryId, videoDefinition, videoDimension, videoDuration, videoEmbeddable, videoLicense, videoType];[eventType:completed];[];[];[];[];[]
MR59;DISJOINT_EXTEND;Test-12;12;2;2;[part, channelId, maxResults, onBehalfOfContentOwner, order, pageToken, publishedBefore, publishedAfter, regionCode, relevanceLanguage, safeSearch, type:channel];[type:video];[type:playlist];[];[];[];[]
MR107;DISJOINT_EXTEND;Test-24;17;1;1;[part, channelId, channelType, eventType, maxResults, pageToken, q, regionCode, relevanceLanguage, safeSearch, type, videoCaption:none, videoCategoryId, videoDuration, videoLicense, videoSyndicated, videoType];[videoCaption:closedCaption];[];[];[];[];[]
MR211;DISJOINT_EXTEND;Test-52;18;1;1;[part, channelType, eventType:upcoming, location, locationRadius, onBehalfOfContentOwner, order, pageToken, regionCode, relevanceLanguage, safeSearch, topicId, type, videoCaption, videoDefinition, videoDimension, videoLicense, videoType];[eventType:completed];[];[];[];[];[]
MR123;DISJOINT_EXTEND;Test-28;18;2;2;[part, eventType:upcoming, location, locationRadius, order, pageToken, q, regionCode, relevanceLanguage, type, videoCaption, videoCategoryId, videoDefinition, videoDimension, videoDuration, videoEmbeddable, videoLicense, videoType];[eventType:completed];[eventType:live];[];[];[];[]
MR170;DISJOINT_EXTEND;Test-42;18;1;1;[part, channelType, eventType, maxResults, onBehalfOfContentOwner, order, publishedBefore, publishedAfter, q, relevanceLanguage, type, videoCategoryId, videoDefinition:standard, videoDimension, videoDuration, videoEmbeddable, videoLicense, videoType];[videoDefinition:high];[];[];[];[];[]
MR250;DISJOINT_EXTEND;Test-62;17;2;2;[part, channelId, channelType, eventType:upcoming, maxResults, q, regionCode, relevanceLanguage, safeSearch, type, videoCaption, videoCategoryId, videoDefinition, videoEmbeddable, videoLicense, videoSyndicated, videoType];[eventType:completed];[eventType:live];[];[];[];[]
MR185;EQUIVALENCE_EXTEND;Test-43;18;1;1;[part, eventType, location, locationRadius, maxResults, onBehalfOfContentOwner, order, publishedBefore, publishedAfter, q, safeSearch, type, videoDefinition, videoDimension, videoDuration, videoLicense, videoSyndicated, videoType];[forDeveloper:false];[];[];[];[];[]
MR191;EQUIVALENCE_EXTEND;Test-44;20;1;1;[part, forDeveloper, channelType, eventType, location, locationRadius, maxResults, publishedBefore, q, safeSearch, topicId, type, videoCaption, videoDefinition, videoDimension, videoDuration, videoEmbeddable, videoLicense, videoSyndicated, videoType];[order:relevance];[];[];[];[];[]
MR139;EQUIVALENCE_EXTEND;Test-31;16;1;3;[part, channelId, location, locationRadius, maxResults, order, publishedBefore, publishedAfter, regionCode, type, videoCaption, videoDefinition, videoDimension, videoEmbeddable, videoSyndicated, videoType];[forDeveloper:false, safeSearch:moderate, videoDuration:any];[];[];[];[];[]
MR82;DISJOINT_EXTEND;Test-19;17;1;1;[part, eventType, location, locationRadius, maxResults, order, pageToken, safeSearch, type, videoCategoryId, videoDefinition:high, videoDimension, videoDuration, videoEmbeddable, videoLicense, videoSyndicated, videoType];[videoDefinition:standard];[];[];[];[];[]
MR74;DISJOINT_EXTEND;Test-16;21;1;1;[part, channelId, channelType, eventType, location, locationRadius, maxResults, publishedBefore, q, relevanceLanguage, safeSearch, topicId, type, videoCaption, videoCategoryId, videoDefinition, videoDimension, videoDuration, videoLicense, videoSyndicated, videoType:episode];[videoType:movie];[];[];[];[];[]
MR149;DISJOINT_EXTEND;Test-33;19;1;1;[part, location, locationRadius, maxResults, onBehalfOfContentOwner, order, q, regionCode, relevanceLanguage, safeSearch, type, videoCaption, videoCategoryId, videoDimension, videoDuration, videoEmbeddable, videoLicense, videoSyndicated, videoType:episode];[videoType:movie];[];[];[];[];[]
MR41;EQUIVALENCE_EXTEND;Test-08;19;1;1;[part, channelType, eventType, location, locationRadius, onBehalfOfContentOwner, order, pageToken, publishedAfter, q, relevanceLanguage, safeSearch, type, videoCaption, videoDefinition, videoDimension, videoLicense, videoSyndicated, videoType];[videoDuration:any];[];[];[];[];[]
MR247;EQUIVALENCE_EXTEND;Test-61;20;1;1;[part, forDeveloper, eventType, location, locationRadius, order, publishedAfter, q, regionCode, relevanceLanguage, safeSearch, topicId, type, videoDefinition, videoDimension, videoDuration, videoEmbeddable, videoLicense, videoSyndicated, videoType];[maxResults:5];[];[];[];[];[]
MR187;DISJOINT_EXTEND;Test-44;20;2;2;[part, forDeveloper, channelType, eventType:upcoming, location, locationRadius, maxResults, publishedBefore, q, safeSearch, topicId, type, videoCaption, videoDefinition, videoDimension, videoDuration, videoEmbeddable, videoLicense, videoSyndicated, videoType];[eventType:completed];[eventType:live];[];[];[];[]
MR120;DISJOINT_EXTEND;Test-27;8;2;2;[part, location, locationRadius, maxResults, onBehalfOfContentOwner, regionCode, safeSearch, type:channel];[type:video];[type:playlist];[];[];[];[]
MR154;DISJOINT_EXTEND;Test-34;11;2;2;[part, forContentOwner, eventType:completed, location, locationRadius, maxResults, onBehalfOfContentOwner, order, regionCode, type, videoCaption];[eventType:live];[eventType:upcoming];[];[];[];[]
MR190;DISJOINT_EXTEND;Test-44;20;1;1;[part, forDeveloper, channelType, eventType, location, locationRadius, maxResults, publishedBefore, q, safeSearch, topicId, type, videoCaption, videoDefinition, videoDimension:3d, videoDuration, videoEmbeddable, videoLicense, videoSyndicated, videoType];[videoDimension:2d];[];[];[];[];[]
MR136;DISJOINT_EXTEND;Test-31;16;1;1;[part, channelId, location, locationRadius, maxResults, order, publishedBefore, publishedAfter, regionCode, type, videoCaption, videoDefinition, videoDimension:2d, videoEmbeddable, videoSyndicated, videoType];[videoDimension:3d];[];[];[];[];[]
MR88;DISJOINT_EXTEND;Test-20;16;1;1;[part, channelType, eventType:live, location, locationRadius, onBehalfOfContentOwner, order, q, relevanceLanguage, type, videoCaption, videoCategoryId, videoDefinition, videoDimension, videoDuration, videoType];[eventType:completed];[];[];[];[];[]
MR20;DISJOINT_EXTEND;Test-05;18;1;1;[part, channelId, channelType, eventType, order, publishedBefore, q, regionCode, relevanceLanguage, safeSearch, topicId, type, videoCategoryId, videoDefinition, videoDimension:3d, videoDuration, videoLicense, videoSyndicated];[videoDimension:2d];[];[];[];[];[]
MR18;DISJOINT_EXTEND;Test-05;18;1;1;[part, channelId, channelType, eventType:completed, order, publishedBefore, q, regionCode, relevanceLanguage, safeSearch, topicId, type, videoCategoryId, videoDefinition, videoDimension, videoDuration, videoLicense, videoSyndicated];[eventType:live];[];[];[];[];[]
MR188;DISJOINT_EXTEND;Test-44;20;1;1;[part, forDeveloper, channelType, eventType, location, locationRadius, maxResults, publishedBefore, q, safeSearch, topicId, type, videoCaption, videoDefinition, videoDimension, videoDuration:short, videoEmbeddable, videoLicense, videoSyndicated, videoType];[videoDuration:long];[];[];[];[];[]
MR248;DISJOINT_EXTEND;Test-62;17;1;1;[part, channelId, channelType, eventType, maxResults, q, regionCode, relevanceLanguage, safeSearch, type, videoCaption, videoCategoryId, videoDefinition, videoEmbeddable, videoLicense:youtube, videoSyndicated, videoType];[videoLicense:creativeCommon];[];[];[];[];[]
MR49;DISJOINT_EXTEND;Test-10;21;1;1;[part, forDeveloper, channelType, location, locationRadius, maxResults, onBehalfOfContentOwner, order, publishedBefore, publishedAfter, q, regionCode, relevanceLanguage, safeSearch, topicId, type, videoCategoryId, videoDimension, videoDuration, videoEmbeddable, videoLicense:creativeCommon];[videoLicense:youtube];[];[];[];[];[]
MR230;DISJOINT_EXTEND;Test-56;19;1;1;[part, channelType, location, locationRadius, onBehalfOfContentOwner, publishedBefore, publishedAfter, q, regionCode, relevanceLanguage, safeSearch, type, videoCaption, videoDefinition, videoDuration, videoEmbeddable, videoLicense:creativeCommon, videoSyndicated, videoType];[videoLicense:youtube];[];[];[];[];[]
MR219;DISJOINT_EXTEND;Test-53;19;2;2;[part, location, locationRadius, order, pageToken, publishedBefore, publishedAfter, q, regionCode, relevanceLanguage, safeSearch, topicId, type, videoCaption, videoDefinition, videoDimension, videoDuration:short, videoLicense, videoType];[videoDuration:long];[videoDuration:medium];[];[];[];[]
MR254;DISJOINT_EXTEND;Test-64;14;1;1;[part, forMine, channelId, channelType, eventType:upcoming, location, locationRadius, maxResults, relevanceLanguage, safeSearch, topicId, type, videoCaption, videoCategoryId];[eventType:completed];[];[];[];[];[]
MR92;EQUIVALENCE_EXTEND;Test-20;16;1;4;[part, channelType, eventType, location, locationRadius, onBehalfOfContentOwner, order, q, relevanceLanguage, type, videoCaption, videoCategoryId, videoDefinition, videoDimension, videoDuration, videoType];[maxResults:5, safeSearch:moderate, videoEmbeddable:any, videoLicense:any];[];[];[];[];[]
MR179;DISJOINT_EXTEND;Test-43;18;1;1;[part, eventType, location, locationRadius, maxResults, onBehalfOfContentOwner, order, publishedBefore, publishedAfter, q, safeSearch, type, videoDefinition, videoDimension, videoDuration, videoLicense:creativeCommon, videoSyndicated, videoType];[videoLicense:youtube];[];[];[];[];[]
MR210;DISJOINT_EXTEND;Test-52;18;1;1;[part, channelType, eventType, location, locationRadius, onBehalfOfContentOwner, order, pageToken, regionCode, relevanceLanguage, safeSearch, topicId, type, videoCaption, videoDefinition:standard, videoDimension, videoLicense, videoType];[videoDefinition:high];[];[];[];[];[]
MR140;EQUIVALENCE_EXTEND;Test-31;16;1;3;[part, channelId, location, locationRadius, maxResults, order, publishedBefore, publishedAfter, regionCode, type, videoCaption, videoDefinition, videoDimension, videoEmbeddable, videoSyndicated, videoType];[safeSearch:moderate, videoDuration:any, videoLicense:any];[];[];[];[];[]
MR147;EQUIVALENCE_EXTEND;Test-32;17;3;5;[part, channelType, eventType, location, locationRadius, maxResults, order, q, regionCode, relevanceLanguage, safeSearch, type, videoCaption, videoCategoryId, videoEmbeddable, videoLicense, videoType];[videoDefinition:any];[forDeveloper:false, videoDuration:any, videoSyndicated:any];[videoDimension:any];[];[];[]
MR251;EQUIVALENCE_EXTEND;Test-62;17;1;1;[part, channelId, channelType, eventType, maxResults, q, regionCode, relevanceLanguage, safeSearch, type, videoCaption, videoCategoryId, videoDefinition, videoEmbeddable, videoLicense, videoSyndicated, videoType];[videoDuration:any];[];[];[];[];[]
MR81;DISJOINT_EXTEND;Test-19;17;2;2;[part, eventType, location, locationRadius, maxResults, order, pageToken, safeSearch, type, videoCategoryId, videoDefinition, videoDimension, videoDuration:medium, videoEmbeddable, videoLicense, videoSyndicated, videoType];[videoDuration:long];[videoDuration:short];[];[];[];[]
MR158;DISJOINT_EXTEND;Test-37;21;2;2;[part, channelType, location, locationRadius, maxResults, onBehalfOfContentOwner, pageToken, publishedAfter, q, regionCode, relevanceLanguage, safeSearch, type, videoCaption, videoCategoryId, videoDefinition, videoDuration:medium, videoEmbeddable, videoLicense, videoSyndicated, videoType];[videoDuration:long];[videoDuration:short];[];[];[];[]
MR118;DISJOINT_EXTEND;Test-26;19;1;1;[part, channelType, eventType:completed, location, locationRadius, maxResults, onBehalfOfContentOwner, order, pageToken, publishedAfter, regionCode, safeSearch, type, videoCaption, videoCategoryId, videoDimension, videoDuration, videoLicense, videoType];[eventType:live];[];[];[];[];[]
MR161;EQUIVALENCE_EXTEND;Test-37;21;2;3;[part, channelType, location, locationRadius, maxResults, onBehalfOfContentOwner, pageToken, publishedAfter, q, regionCode, relevanceLanguage, safeSearch, type, videoCaption, videoCategoryId, videoDefinition, videoDuration, videoEmbeddable, videoLicense, videoSyndicated, videoType];[order:relevance, videoDimension:any];[forDeveloper:false];[];[];[];[]
MR87;DISJOINT_EXTEND;Test-20;16;1;1;[part, channelType, eventType, location, locationRadius, onBehalfOfContentOwner, order, q, relevanceLanguage, type, videoCaption, videoCategoryId, videoDefinition, videoDimension, videoDuration:long, videoType];[videoDuration:medium];[];[];[];[];[]
MR253;EQUIVALENCE_EXTEND;Test-62;17;3;4;[part, channelId, channelType, eventType, maxResults, q, regionCode, relevanceLanguage, safeSearch, type, videoCaption, videoCategoryId, videoDefinition, videoEmbeddable, videoLicense, videoSyndicated, videoType];[videoDimension:any];[forDeveloper:false, order:relevance];[videoDuration:any];[];[];[]
MR16;EQUIVALENCE_EXTEND;Test-04;19;1;1;[part, channelId, channelType, eventType, location, locationRadius, maxResults, order, publishedBefore, topicId, type, videoCaption, videoCategoryId, videoDefinition, videoDimension, videoDuration, videoEmbeddable, videoLicense, videoType];[forDeveloper:false];[];[];[];[];[]
MR85;EQUIVALENCE_EXTEND;Test-19;17;1;2;[part, eventType, location, locationRadius, maxResults, order, pageToken, safeSearch, type, videoCategoryId, videoDefinition, videoDimension, videoDuration, videoEmbeddable, videoLicense, videoSyndicated, videoType];[channelType:any, forDeveloper:false];[];[];[];[];[]
MR97;DISJOINT_EXTEND;Test-21;9;2;2;[part, channelType, maxResults, onBehalfOfContentOwner, order, pageToken, relevanceLanguage, safeSearch, type:playlist];[type:video];[type:channel];[];[];[];[]
MR223;EQUIVALENCE_EXTEND;Test-53;19;1;2;[part, location, locationRadius, order, pageToken, publishedBefore, publishedAfter, q, regionCode, relevanceLanguage, safeSearch, topicId, type, videoCaption, videoDefinition, videoDimension, videoDuration, videoLicense, videoType];[channelType:any, maxResults:5];[];[];[];[];[]
MR58;DISJOINT_EXTEND;Test-12;12;1;1;[part, channelId, maxResults, onBehalfOfContentOwner, order, pageToken, publishedBefore, publishedAfter, regionCode, relevanceLanguage, safeSearch, type:channel];[type:video];[];[];[];[];[]
MR198;DISJOINT_EXTEND;Test-49;19;1;1;[part, channelType, eventType:completed, location, locationRadius, order, pageToken, publishedAfter, q, regionCode, relevanceLanguage, safeSearch, type, videoCaption, videoCategoryId, videoDimension, videoDuration, videoSyndicated, videoType];[eventType:live];[];[];[];[];[]
MR213;EQUIVALENCE_EXTEND;Test-52;18;1;5;[part, channelType, eventType, location, locationRadius, onBehalfOfContentOwner, order, pageToken, regionCode, relevanceLanguage, safeSearch, topicId, type, videoCaption, videoDefinition, videoDimension, videoLicense, videoType];[forDeveloper:false, maxResults:5, videoDuration:any, videoEmbeddable:any, videoSyndicated:any];[];[];[];[];[]
MR73;DISJOINT_EXTEND;Test-16;21;1;1;[part, channelId, channelType, eventType, location, locationRadius, maxResults, publishedBefore, q, relevanceLanguage, safeSearch, topicId, type, videoCaption, videoCategoryId, videoDefinition:standard, videoDimension, videoDuration, videoLicense, videoSyndicated, videoType];[videoDefinition:high];[];[];[];[];[]
MR133;EQUIVALENCE_EXTEND;Test-29;17;1;1;[part, channelType, eventType, location, locationRadius, onBehalfOfContentOwner, order, q, relevanceLanguage, safeSearch, type, videoDefinition, videoDimension, videoDuration, videoEmbeddable, videoLicense, videoSyndicated];[maxResults:5];[];[];[];[];[]
MR119;EQUIVALENCE_EXTEND;Test-26;19;1;1;[part, channelType, eventType, location, locationRadius, maxResults, onBehalfOfContentOwner, order, pageToken, publishedAfter, regionCode, safeSearch, type, videoCaption, videoCategoryId, videoDimension, videoDuration, videoLicense, videoType];[forDeveloper:false];[];[];[];[];[]
MR10;DISJOINT_EXTEND;Test-03;23;1;1;[part, forDeveloper, channelType, eventType, location, locationRadius, maxResults, onBehalfOfContentOwner, order, pageToken, publishedAfter, q, relevanceLanguage, safeSearch, type, videoCaption, videoCategoryId, videoDefinition, videoDimension, videoEmbeddable, videoLicense:creativeCommon, videoSyndicated, videoType];[videoLicense:youtube];[];[];[];[];[]
MR124;DISJOINT_EXTEND;Test-28;18;1;1;[part, eventType, location, locationRadius, order, pageToken, q, regionCode, relevanceLanguage, type, videoCaption, videoCategoryId, videoDefinition, videoDimension:2d, videoDuration, videoEmbeddable, videoLicense, videoType];[videoDimension:3d];[];[];[];[];[]
MR31;EQUIVALENCE_EXTEND;Test-07;14;1;2;[part, channelId, channelType, maxResults, publishedBefore, publishedAfter, regionCode, type, videoCaption, videoCategoryId, videoDefinition, videoDimension, videoEmbeddable, videoType];[safeSearch:moderate, videoSyndicated:any];[];[];[];[];[]
MR15;EQUIVALENCE_EXTEND;Test-04;19;1;1;[part, channelId, channelType, eventType, location, locationRadius, maxResults, order, publishedBefore, topicId, type, videoCaption, videoCategoryId, videoDefinition, videoDimension, videoDuration, videoEmbeddable, videoLicense, videoType];[safeSearch:moderate];[];[];[];[];[]
MR214;EQUIVALENCE_EXTEND;Test-52;18;1;1;[part, channelType, eventType, location, locationRadius, onBehalfOfContentOwner, order, pageToken, regionCode, relevanceLanguage, safeSearch, topicId, type, videoCaption, videoDefinition, videoDimension, videoLicense, videoType];[videoDuration:any];[];[];[];[];[]
MR44;DISJOINT_EXTEND;Test-09;22;1;1;[part, forDeveloper, channelId, eventType:live, location, locationRadius, order, pageToken, publishedBefore, publishedAfter, q, regionCode, relevanceLanguage, safeSearch, type, videoCaption, videoDefinition, videoDuration, videoEmbeddable, videoLicense, videoSyndicated, videoType];[eventType:completed];[];[];[];[];[]
MR2;EQUIVALENCE_EXTEND;Test-01;8;1;3;[part, location, locationRadius, onBehalfOfContentOwner, regionCode, safeSearch, type, videoDuration];[channelType:any, videoDimension:any, videoLicense:any];[];[];[];[];[]
MR235;DISJOINT_EXTEND;Test-58;15;2;2;[part, forContentOwner, channelType, eventType:live, location, locationRadius, maxResults, onBehalfOfContentOwner, publishedAfter, q, relevanceLanguage, safeSearch, type, videoCaption, videoCategoryId];[eventType:completed];[eventType:upcoming];[];[];[];[]
MR182;EQUIVALENCE_EXTEND;Test-43;18;1;1;[part, eventType, location, locationRadius, maxResults, onBehalfOfContentOwner, order, publishedBefore, publishedAfter, q, safeSearch, type, videoDefinition, videoDimension, videoDuration, videoLicense, videoSyndicated, videoType];[videoEmbeddable:any];[];[];[];[];[]
MR141;EQUIVALENCE_EXTEND;Test-31;16;1;1;[part, channelId, location, locationRadius, maxResults, order, publishedBefore, publishedAfter, regionCode, type, videoCaption, videoDefinition, videoDimension, videoEmbeddable, videoSyndicated, videoType];[videoLicense:any];[];[];[];[];[]
MR203;EQUIVALENCE_EXTEND;Test-49;19;1;1;[part, channelType, eventType, location, locationRadius, order, pageToken, publishedAfter, q, regionCode, relevanceLanguage, safeSearch, type, videoCaption, videoCategoryId, videoDimension, videoDuration, videoSyndicated, videoType];[maxResults:5];[];[];[];[];[]
MR229;DISJOINT_EXTEND;Test-56;19;1;1;[part, channelType, location, locationRadius, onBehalfOfContentOwner, publishedBefore, publishedAfter, q, regionCode, relevanceLanguage, safeSearch, type, videoCaption:none, videoDefinition, videoDuration, videoEmbeddable, videoLicense, videoSyndicated, videoType];[videoCaption:closedCaption];[];[];[];[];[]
MR134;EQUIVALENCE_EXTEND;Test-29;17;1;4;[part, channelType, eventType, location, locationRadius, onBehalfOfContentOwner, order, q, relevanceLanguage, safeSearch, type, videoDefinition, videoDimension, videoDuration, videoEmbeddable, videoLicense, videoSyndicated];[forDeveloper:false, maxResults:5, videoCaption:any, videoType:any];[];[];[];[];[]
MR243;DISJOINT_EXTEND;Test-61;20;1;1;[part, forDeveloper, eventType, location, locationRadius, order, publishedAfter, q, regionCode, relevanceLanguage, safeSearch, topicId, type, videoDefinition, videoDimension, videoDuration, videoEmbeddable, videoLicense, videoSyndicated, videoType:episode];[videoType:movie];[];[];[];[];[]
MR0;EQUIVALENCE_EXTEND;Test-01;8;1;2;[part, location, locationRadius, onBehalfOfContentOwner, regionCode, safeSearch, type, videoDuration];[forDeveloper:false, videoDimension:any];[];[];[];[];[]
MR46;EQUIVALENCE_EXTEND;Test-09;22;1;1;[part, forDeveloper, channelId, eventType, location, locationRadius, order, pageToken, publishedBefore, publishedAfter, q, regionCode, relevanceLanguage, safeSearch, type, videoCaption, videoDefinition, videoDuration, videoEmbeddable, videoLicense, videoSyndicated, videoType];[channelType:any];[];[];[];[];[]
MR176;EQUIVALENCE_EXTEND;Test-42;18;1;1;[part, channelType, eventType, maxResults, onBehalfOfContentOwner, order, publishedBefore, publishedAfter, q, relevanceLanguage, type, videoCategoryId, videoDefinition, videoDimension, videoDuration, videoEmbeddable, videoLicense, videoType];[safeSearch:moderate];[];[];[];[];[]
MR77;EQUIVALENCE_EXTEND;Test-16;21;1;1;[part, channelId, channelType, eventType, location, locationRadius, maxResults, publishedBefore, q, relevanceLanguage, safeSearch, topicId, type, videoCaption, videoCategoryId, videoDefinition, videoDimension, videoDuration, videoLicense, videoSyndicated, videoType];[order:relevance];[];[];[];[];[]
MR121;DISJOINT_EXTEND;Test-27;8;1;1;[part, location, locationRadius, maxResults, onBehalfOfContentOwner, regionCode, safeSearch, type:channel];[type:video];[];[];[];[];[]
MR165;DISJOINT_EXTEND;Test-40;17;1;1;[part, forMine, channelType, eventType:live, location, locationRadius, maxResults, onBehalfOfContentOwner, order, publishedAfter, q, regionCode, relevanceLanguage, safeSearch, type, videoCaption, videoCategoryId];[eventType:completed];[];[];[];[];[]
MR70;EQUIVALENCE_EXTEND;Test-15;19;1;1;[part, forDeveloper, eventType, location, locationRadius, maxResults, onBehalfOfContentOwner, q, regionCode, relevanceLanguage, type, videoCaption, videoCategoryId, videoDefinition, videoDimension, videoDuration, videoEmbeddable, videoSyndicated, videoType];[channelType:any];[];[];[];[];[]
MR32;EQUIVALENCE_EXTEND;Test-07;14;1;2;[part, channelId, channelType, maxResults, publishedBefore, publishedAfter, regionCode, type, videoCaption, videoCategoryId, videoDefinition, videoDimension, videoEmbeddable, videoType];[videoLicense:any, videoSyndicated:any];[];[];[];[];[]
MR53;EQUIVALENCE_EXTEND;Test-10;21;1;2;[part, forDeveloper, channelType, location, locationRadius, maxResults, onBehalfOfContentOwner, order, publishedBefore, publishedAfter, q, regionCode, relevanceLanguage, safeSearch, topicId, type, videoCategoryId, videoDimension, videoDuration, videoEmbeddable, videoLicense];[videoDefinition:any, videoSyndicated:any];[];[];[];[];[]
MR205;EQUIVALENCE_EXTEND;Test-49;19;1;4;[part, channelType, eventType, location, locationRadius, order, pageToken, publishedAfter, q, regionCode, relevanceLanguage, safeSearch, type, videoCaption, videoCategoryId, videoDimension, videoDuration, videoSyndicated, videoType];[maxResults:5, videoDefinition:any, videoEmbeddable:any, videoLicense:any];[];[];[];[];[]
MR25;DISJOINT_EXTEND;Test-06;19;1;1;[part, forDeveloper, eventType, maxResults, onBehalfOfContentOwner, order, pageToken, q, regionCode, relevanceLanguage, safeSearch, topicId, type, videoCaption, videoDuration, videoEmbeddable, videoLicense, videoSyndicated, videoType:movie];[videoType:episode];[];[];[];[];[]
MR156;DISJOINT_EXTEND;Test-35;17;1;1;[part, forMine, channelId, channelType, eventType, location, locationRadius, order, pageToken, publishedBefore, regionCode, relevanceLanguage, safeSearch, topicId, type, videoCaption:none, videoCategoryId];[videoCaption:closedCaption];[];[];[];[];[]
MR12;DISJOINT_EXTEND;Test-04;19;1;1;[part, channelId, channelType, eventType, location, locationRadius, maxResults, order, publishedBefore, topicId, type, videoCaption, videoCategoryId, videoDefinition, videoDimension, videoDuration:long, videoEmbeddable, videoLicense, videoType];[videoDuration:medium];[];[];[];[];[]
MR108;DISJOINT_EXTEND;Test-24;17;1;1;[part, channelId, channelType, eventType, maxResults, pageToken, q, regionCode, relevanceLanguage, safeSearch, type, videoCaption, videoCategoryId, videoDuration:short, videoLicense, videoSyndicated, videoType];[videoDuration:long];[];[];[];[];[]
MR60;DISJOINT_EXTEND;Test-13;20;2;2;[part, forDeveloper, eventType:completed, location, locationRadius, maxResults, onBehalfOfContentOwner, pageToken, regionCode, safeSearch, type, videoCaption, videoCategoryId, videoDefinition, videoDimension, videoDuration, videoEmbeddable, videoLicense, videoSyndicated, videoType];[eventType:live];[eventType:upcoming];[];[];[];[]
MR66;DISJOINT_EXTEND;Test-15;19;1;1;[part, forDeveloper, eventType, location, locationRadius, maxResults, onBehalfOfContentOwner, q, regionCode, relevanceLanguage, type, videoCaption, videoCategoryId, videoDefinition:high, videoDimension, videoDuration, videoEmbeddable, videoSyndicated, videoType];[videoDefinition:standard];[];[];[];[];[]
MR68;DISJOINT_EXTEND;Test-15;19;1;1;[part, forDeveloper, eventType, location, locationRadius, maxResults, onBehalfOfContentOwner, q, regionCode, relevanceLanguage, type, videoCaption, videoCategoryId, videoDefinition, videoDimension, videoDuration, videoEmbeddable, videoSyndicated, videoType:episode];[videoType:movie];[];[];[];[];[]
MR116;DISJOINT_EXTEND;Test-26;19;2;2;[part, channelType, eventType:completed, location, locationRadius, maxResults, onBehalfOfContentOwner, order, pageToken, publishedAfter, regionCode, safeSearch, type, videoCaption, videoCategoryId, videoDimension, videoDuration, videoLicense, videoType];[eventType:live];[eventType:upcoming];[];[];[];[]
MR5;DISJOINT_EXTEND;Test-02;27;2;2;[part, forDeveloper, channelId, channelType, eventType:upcoming, location, locationRadius, maxResults, order, pageToken, publishedBefore, publishedAfter, q, regionCode, relevanceLanguage, safeSearch, topicId, type, videoCaption, videoCategoryId, videoDefinition, videoDimension, videoDuration, videoEmbeddable, videoLicense, videoSyndicated, videoType];[eventType:completed];[eventType:live];[];[];[];[]
MR62;DISJOINT_EXTEND;Test-13;20;1;1;[part, forDeveloper, eventType:completed, location, locationRadius, maxResults, onBehalfOfContentOwner, pageToken, regionCode, safeSearch, type, videoCaption, videoCategoryId, videoDefinition, videoDimension, videoDuration, videoEmbeddable, videoLicense, videoSyndicated, videoType];[eventType:live];[];[];[];[];[]
MR221;DISJOINT_EXTEND;Test-53;19;1;1;[part, location, locationRadius, order, pageToken, publishedBefore, publishedAfter, q, regionCode, relevanceLanguage, safeSearch, topicId, type, videoCaption, videoDefinition, videoDimension, videoDuration, videoLicense, videoType:episode];[videoType:movie];[];[];[];[];[]
MR168;DISJOINT_EXTEND;Test-42;18;1;1;[part, channelType, eventType, maxResults, onBehalfOfContentOwner, order, publishedBefore, publishedAfter, q, relevanceLanguage, type, videoCategoryId, videoDefinition, videoDimension:2d, videoDuration, videoEmbeddable, videoLicense, videoType];[videoDimension:3d];[];[];[];[];[]
MR130;DISJOINT_EXTEND;Test-29;17;1;1;[part, channelType, eventType, location, locationRadius, onBehalfOfContentOwner, order, q, relevanceLanguage, safeSearch, type, videoDefinition, videoDimension, videoDuration:short, videoEmbeddable, videoLicense, videoSyndicated];[videoDuration:long];[];[];[];[];[]
MR91;EQUIVALENCE_EXTEND;Test-20;16;1;2;[part, channelType, eventType, location, locationRadius, onBehalfOfContentOwner, order, q, relevanceLanguage, type, videoCaption, videoCategoryId, videoDefinition, videoDimension, videoDuration, videoType];[safeSearch:moderate, videoEmbeddable:any];[];[];[];[];[]
MR238;DISJOINT_EXTEND;Test-59;21;1;1;[part, forDeveloper, channelType, eventType:live, location, locationRadius, maxResults, order, publishedBefore, regionCode, relevanceLanguage, safeSearch, topicId, type, videoCaption, videoCategoryId, videoDefinition, videoDimension, videoDuration, videoLicense, videoType];[eventType:completed];[];[];[];[];[]
MR86;DISJOINT_EXTEND;Test-20;16;1;1;[part, channelType, eventType, location, locationRadius, onBehalfOfContentOwner, order, q, relevanceLanguage, type, videoCaption, videoCategoryId, videoDefinition, videoDimension:3d, videoDuration, videoType];[videoDimension:2d];[];[];[];[];[]
MR181;DISJOINT_EXTEND;Test-43;18;1;1;[part, eventType, location, locationRadius, maxResults, onBehalfOfContentOwner, order, publishedBefore, publishedAfter, q, safeSearch, type, videoDefinition, videoDimension, videoDuration:long, videoLicense, videoSyndicated, videoType];[videoDuration:medium];[];[];[];[];[]
MR215;EQUIVALENCE_EXTEND;Test-52;18;1;1;[part, channelType, eventType, location, locationRadius, onBehalfOfContentOwner, order, pageToken, regionCode, relevanceLanguage, safeSearch, topicId, type, videoCaption, videoDefinition, videoDimension, videoLicense, videoType];[forDeveloper:false];[];[];[];[];[]
MR200;DISJOINT_EXTEND;Test-49;19;2;2;[part, channelType, eventType, location, locationRadius, order, pageToken, publishedAfter, q, regionCode, relevanceLanguage, safeSearch, type, videoCaption, videoCategoryId, videoDimension, videoDuration:medium, videoSyndicated, videoType];[videoDuration:long];[videoDuration:short];[];[];[];[]
MR79;DISJOINT_EXTEND;Test-18;11;1;1;[part, forDeveloper, channelType, location, locationRadius, onBehalfOfContentOwner, order, q, regionCode, safeSearch, type:channel];[type:video];[];[];[];[];[]
MR3;EQUIVALENCE_EXTEND;Test-01;8;1;6;[part, location, locationRadius, onBehalfOfContentOwner, regionCode, safeSearch, type, videoDuration];[forDeveloper:false, videoDefinition:any, videoEmbeddable:any, videoLicense:any, videoSyndicated:any, videoType:any];[];[];[];[];[]
MR21;DISJOINT_EXTEND;Test-05;18;2;2;[part, channelId, channelType, eventType, order, publishedBefore, q, regionCode, relevanceLanguage, safeSearch, topicId, type, videoCategoryId, videoDefinition, videoDimension, videoDuration:long, videoLicense, videoSyndicated];[videoDuration:medium];[videoDuration:short];[];[];[];[]
MR101;DISJOINT_EXTEND;Test-23;22;1;1;[part, forDeveloper, channelId, channelType, eventType, location, locationRadius, onBehalfOfContentOwner, order, publishedBefore, publishedAfter, q, regionCode, safeSearch, topicId, type, videoCaption, videoDefinition, videoDimension, videoDuration, videoLicense:youtube, videoSyndicated];[videoLicense:creativeCommon];[];[];[];[];[]
MR135;DISJOINT_EXTEND;Test-31;16;1;1;[part, channelId, location, locationRadius, maxResults, order, publishedBefore, publishedAfter, regionCode, type, videoCaption, videoDefinition, videoDimension, videoEmbeddable, videoSyndicated, videoType:movie];[videoType:episode];[];[];[];[];[]
MR125;EQUIVALENCE_EXTEND;Test-28;18;2;4;[part, eventType, location, locationRadius, order, pageToken, q, regionCode, relevanceLanguage, type, videoCaption, videoCategoryId, videoDefinition, videoDimension, videoDuration, videoEmbeddable, videoLicense, videoType];[maxResults:5, safeSearch:moderate, videoSyndicated:any];[forDeveloper:false];[];[];[];[]
MR228;DISJOINT_EXTEND;Test-55;16;1;1;[part, forMine, eventType:completed, location, locationRadius, maxResults, onBehalfOfContentOwner, pageToken, publishedBefore, publishedAfter, regionCode, relevanceLanguage, safeSearch, type, videoCaption, videoCategoryId];[eventType:live];[];[];[];[];[]
MR7;DISJOINT_EXTEND;Test-03;23;1;1;[part, forDeveloper, channelType, eventType, location, locationRadius, maxResults, onBehalfOfContentOwner, order, pageToken, publishedAfter, q, relevanceLanguage, safeSearch, type, videoCaption, videoCategoryId, videoDefinition, videoDimension, videoEmbeddable, videoLicense, videoSyndicated, videoType:movie];[videoType:episode];[];[];[];[];[]
MR193;DISJOINT_EXTEND;Test-45;17;2;2;[part, forContentOwner, channelId, channelType, eventType:live, location, locationRadius, maxResults, onBehalfOfContentOwner, publishedAfter, q, relevanceLanguage, safeSearch, topicId, type, videoCaption, videoCategoryId];[eventType:completed];[eventType:upcoming];[];[];[];[]
MR105;DISJOINT_EXTEND;Test-24;17;2;2;[part, channelId, channelType, eventType:upcoming, maxResults, pageToken, q, regionCode, relevanceLanguage, safeSearch, type, videoCaption, videoCategoryId, videoDuration, videoLicense, videoSyndicated, videoType];[eventType:completed];[eventType:live];[];[];[];[]
MR23;EQUIVALENCE_EXTEND;Test-05;18;1;3;[part, channelId, channelType, eventType, order, publishedBefore, q, regionCode, relevanceLanguage, safeSearch, topicId, type, videoCategoryId, videoDefinition, videoDimension, videoDuration, videoLicense, videoSyndicated];[videoCaption:any, videoEmbeddable:any, videoType:any];[];[];[];[];[]
MR71;EQUIVALENCE_EXTEND;Test-15;19;1;3;[part, forDeveloper, eventType, location, locationRadius, maxResults, onBehalfOfContentOwner, q, regionCode, relevanceLanguage, type, videoCaption, videoCategoryId, videoDefinition, videoDimension, videoDuration, videoEmbeddable, videoSyndicated, videoType];[channelType:any, order:relevance, videoLicense:any];[];[];[];[];[]
MR56;DISJOINT_EXTEND;Test-11;12;2;2;[part, forDeveloper, channelType, location, locationRadius, maxResults, order, pageToken, q, relevanceLanguage, topicId, type:channel];[type:video];[type:playlist];[];[];[];[]
MR225;EQUIVALENCE_EXTEND;Test-53;19;2;2;[part, location, locationRadius, order, pageToken, publishedBefore, publishedAfter, q, regionCode, relevanceLanguage, safeSearch, topicId, type, videoCaption, videoDefinition, videoDimension, videoDuration, videoLicense, videoType];[maxResults:5];[channelType:any];[];[];[];[]
MR220;DISJOINT_EXTEND;Test-53;19;1;1;[part, location, locationRadius, order, pageToken, publishedBefore, publishedAfter, q, regionCode, relevanceLanguage, safeSearch, topicId, type, videoCaption, videoDefinition:high, videoDimension, videoDuration, videoLicense, videoType];[videoDefinition:standard];[];[];[];[];[]
MR217;EQUIVALENCE_EXTEND;Test-52;18;2;4;[part, channelType, eventType, location, locationRadius, onBehalfOfContentOwner, order, pageToken, regionCode, relevanceLanguage, safeSearch, topicId, type, videoCaption, videoDefinition, videoDimension, videoLicense, videoType];[forDeveloper:false, videoEmbeddable:any];[videoDuration:any, videoSyndicated:any];[];[];[];[]
MR137;DISJOINT_EXTEND;Test-31;16;1;1;[part, channelId, location, locationRadius, maxResults, order, publishedBefore, publishedAfter, regionCode, type, videoCaption, videoDefinition:high, videoDimension, videoEmbeddable, videoSyndicated, videoType];[videoDefinition:standard];[];[];[];[];[]
MR131;DISJOINT_EXTEND;Test-29;17;1;1;[part, channelType, eventType:live, location, locationRadius, onBehalfOfContentOwner, order, q, relevanceLanguage, safeSearch, type, videoDefinition, videoDimension, videoDuration, videoEmbeddable, videoLicense, videoSyndicated];[eventType:completed];[];[];[];[];[]
MR174;EQUIVALENCE_EXTEND;Test-42;18;1;2;[part, channelType, eventType, maxResults, onBehalfOfContentOwner, order, publishedBefore, publishedAfter, q, relevanceLanguage, type, videoCategoryId, videoDefinition, videoDimension, videoDuration, videoEmbeddable, videoLicense, videoType];[forDeveloper:false, videoSyndicated:any];[];[];[];[];[]
MR115;DISJOINT_EXTEND;Test-26;19;1;1;[part, channelType, eventType, location, locationRadius, maxResults, onBehalfOfContentOwner, order, pageToken, publishedAfter, regionCode, safeSearch, type, videoCaption:closedCaption, videoCategoryId, videoDimension, videoDuration, videoLicense, videoType];[videoCaption:none];[];[];[];[];[]
MR180;DISJOINT_EXTEND;Test-43;18;1;1;[part, eventType, location, locationRadius, maxResults, onBehalfOfContentOwner, order, publishedBefore, publishedAfter, q, safeSearch, type, videoDefinition, videoDimension, videoDuration, videoLicense, videoSyndicated, videoType:episode];[videoType:movie];[];[];[];[];[]
MR1;EQUIVALENCE_EXTEND;Test-01;8;1;6;[part, location, locationRadius, onBehalfOfContentOwner, regionCode, safeSearch, type, videoDuration];[channelType:any, forDeveloper:false, order:relevance, videoCaption:any, videoDimension:any, videoEmbeddable:any];[];[];[];[];[]
MR22;EQUIVALENCE_EXTEND;Test-05;18;1;1;[part, channelId, channelType, eventType, order, publishedBefore, q, regionCode, relevanceLanguage, safeSearch, topicId, type, videoCategoryId, videoDefinition, videoDimension, videoDuration, videoLicense, videoSyndicated];[videoType:any];[];[];[];[];[]
MR227;DISJOINT_EXTEND;Test-55;16;1;1;[part, forMine, eventType, location, locationRadius, maxResults, onBehalfOfContentOwner, pageToken, publishedBefore, publishedAfter, regionCode, relevanceLanguage, safeSearch, type, videoCaption:closedCaption, videoCategoryId];[videoCaption:none];[];[];[];[];[]
MR103;EQUIVALENCE_EXTEND;Test-23;22;1;1;[part, forDeveloper, channelId, channelType, eventType, location, locationRadius, onBehalfOfContentOwner, order, publishedBefore, publishedAfter, q, regionCode, safeSearch, topicId, type, videoCaption, videoDefinition, videoDimension, videoDuration, videoLicense, videoSyndicated];[videoEmbeddable:any];[];[];[];[];[]
MR29;EQUIVALENCE_EXTEND;Test-06;19;2;3;[part, forDeveloper, eventType, maxResults, onBehalfOfContentOwner, order, pageToken, q, regionCode, relevanceLanguage, safeSearch, topicId, type, videoCaption, videoDuration, videoEmbeddable, videoLicense, videoSyndicated, videoType];[channelType:any, videoDefinition:any];[videoDimension:any];[];[];[];[]
MR99;DISJOINT_EXTEND;Test-23;22;1;1;[part, forDeveloper, channelId, channelType, eventType, location, locationRadius, onBehalfOfContentOwner, order, publishedBefore, publishedAfter, q, regionCode, safeSearch, topicId, type, videoCaption, videoDefinition:standard, videoDimension, videoDuration, videoLicense, videoSyndicated];[videoDefinition:high];[];[];[];[];[]
MR216;EQUIVALENCE_EXTEND;Test-52;18;1;1;[part, channelType, eventType, location, locationRadius, onBehalfOfContentOwner, order, pageToken, regionCode, relevanceLanguage, safeSearch, topicId, type, videoCaption, videoDefinition, videoDimension, videoLicense, videoType];[maxResults:5];[];[];[];[];[]
MR34;EQUIVALENCE_EXTEND;Test-07;14;1;5;[part, channelId, channelType, maxResults, publishedBefore, publishedAfter, regionCode, type, videoCaption, videoCategoryId, videoDefinition, videoDimension, videoEmbeddable, videoType];[forDeveloper:false, order:relevance, safeSearch:moderate, videoDuration:any, videoLicense:any];[];[];[];[];[]
MR96;DISJOINT_EXTEND;Test-21;9;1;1;[part, channelType, maxResults, onBehalfOfContentOwner, order, pageToken, relevanceLanguage, safeSearch, type:playlist];[type:video];[];[];[];[];[]
MR69;EQUIVALENCE_EXTEND;Test-15;19;2;3;[part, forDeveloper, eventType, location, locationRadius, maxResults, onBehalfOfContentOwner, q, regionCode, relevanceLanguage, type, videoCaption, videoCategoryId, videoDefinition, videoDimension, videoDuration, videoEmbeddable, videoSyndicated, videoType];[channelType:any, videoLicense:any];[order:relevance];[];[];[];[]
MR255;DISJOINT_EXTEND;Test-64;14;1;1;[part, forMine, channelId, channelType, eventType, location, locationRadius, maxResults, relevanceLanguage, safeSearch, topicId, type, videoCaption:none, videoCategoryId];[videoCaption:closedCaption];[];[];[];[];[]
MR202;EQUIVALENCE_EXTEND;Test-49;19;1;1;[part, channelType, eventType, location, locationRadius, order, pageToken, publishedAfter, q, regionCode, relevanceLanguage, safeSearch, type, videoCaption, videoCategoryId, videoDimension, videoDuration, videoSyndicated, videoType];[forDeveloper:false];[];[];[];[];[]
MR95;EQUIVALENCE_EXTEND;Test-20;16;2;4;[part, channelType, eventType, location, locationRadius, onBehalfOfContentOwner, order, q, relevanceLanguage, type, videoCaption, videoCategoryId, videoDefinition, videoDimension, videoDuration, videoType];[forDeveloper:false, videoLicense:any, videoSyndicated:any];[videoEmbeddable:any];[];[];[];[]
MR163;DISJOINT_EXTEND;Test-39;14;1;1;[part, channelId, channelType, location, locationRadius, onBehalfOfContentOwner, order, publishedAfter, q, regionCode, relevanceLanguage, safeSearch, topicId, type:playlist];[type:video];[];[];[];[];[]
MR212;EQUIVALENCE_EXTEND;Test-52;18;2;2;[part, channelType, eventType, location, locationRadius, onBehalfOfContentOwner, order, pageToken, regionCode, relevanceLanguage, safeSearch, topicId, type, videoCaption, videoDefinition, videoDimension, videoLicense, videoType];[videoSyndicated:any];[videoDuration:any];[];[];[];[]
MR159;DISJOINT_EXTEND;Test-37;21;1;1;[part, channelType, location, locationRadius, maxResults, onBehalfOfContentOwner, pageToken, publishedAfter, q, regionCode, relevanceLanguage, safeSearch, type, videoCaption, videoCategoryId, videoDefinition, videoDuration:medium, videoEmbeddable, videoLicense, videoSyndicated, videoType];[videoDuration:long];[];[];[];[];[]
MR173;DISJOINT_EXTEND;Test-42;18;1;1;[part, channelType, eventType, maxResults, onBehalfOfContentOwner, order, publishedBefore, publishedAfter, q, relevanceLanguage, type, videoCategoryId, videoDefinition, videoDimension, videoDuration, videoEmbeddable, videoLicense, videoType:movie];[videoType:episode];[];[];[];[];[]
MR240;EQUIVALENCE_EXTEND;Test-59;21;1;1;[part, forDeveloper, channelType, eventType, location, locationRadius, maxResults, order, publishedBefore, regionCode, relevanceLanguage, safeSearch, topicId, type, videoCaption, videoCategoryId, videoDefinition, videoDimension, videoDuration, videoLicense, videoType];[videoEmbeddable:any];[];[];[];[];[]
MR194;EQUIVALENCE_EXTEND;Test-47;9;1;1;[part, forMine, channelId, maxResults, order, pageToken, q, topicId, type];[safeSearch:moderate];[];[];[];[];[]
MR76;EQUIVALENCE_EXTEND;Test-16;21;1;2;[part, channelId, channelType, eventType, location, locationRadius, maxResults, publishedBefore, q, relevanceLanguage, safeSearch, topicId, type, videoCaption, videoCategoryId, videoDefinition, videoDimension, videoDuration, videoLicense, videoSyndicated, videoType];[order:relevance, videoEmbeddable:any];[];[];[];[];[]
MR167;DISJOINT_EXTEND;Test-41;20;2;2;[part, forContentOwner, channelId, channelType, eventType:upcoming, location, locationRadius, onBehalfOfContentOwner, order, pageToken, publishedBefore, publishedAfter, q, regionCode, relevanceLanguage, safeSearch, topicId, type, videoCaption, videoCategoryId];[eventType:completed];[eventType:live];[];[];[];[]
MR252;EQUIVALENCE_EXTEND;Test-62;17;1;1;[part, channelId, channelType, eventType, maxResults, q, regionCode, relevanceLanguage, safeSearch, type, videoCaption, videoCategoryId, videoDefinition, videoEmbeddable, videoLicense, videoSyndicated, videoType];[order:relevance];[];[];[];[];[]
MR178;DISJOINT_EXTEND;Test-43;18;1;1;[part, eventType, location, locationRadius, maxResults, onBehalfOfContentOwner, order, publishedBefore, publishedAfter, q, safeSearch, type, videoDefinition:high, videoDimension, videoDuration, videoLicense, videoSyndicated, videoType];[videoDefinition:standard];[];[];[];[];[]
MR37;DISJOINT_EXTEND;Test-08;19;1;1;[part, channelType, eventType, location, locationRadius, onBehalfOfContentOwner, order, pageToken, publishedAfter, q, relevanceLanguage, safeSearch, type, videoCaption, videoDefinition, videoDimension, videoLicense, videoSyndicated, videoType:episode];[videoType:movie];[];[];[];[];[]
MR93;EQUIVALENCE_EXTEND;Test-20;16;1;3;[part, channelType, eventType, location, locationRadius, onBehalfOfContentOwner, order, q, relevanceLanguage, type, videoCaption, videoCategoryId, videoDefinition, videoDimension, videoDuration, videoType];[videoEmbeddable:any, videoLicense:any, videoSyndicated:any];[];[];[];[];[]
MR153;DISJOINT_EXTEND;Test-34;11;1;1;[part, forContentOwner, eventType:completed, location, locationRadius, maxResults, onBehalfOfContentOwner, order, regionCode, type, videoCaption];[eventType:live];[];[];[];[];[]
MR127;EQUIVALENCE_EXTEND;Test-28;18;1;1;[part, eventType, location, locationRadius, order, pageToken, q, regionCode, relevanceLanguage, type, videoCaption, videoCategoryId, videoDefinition, videoDimension, videoDuration, videoEmbeddable, videoLicense, videoType];[channelType:any];[];[];[];[];[]
MR237;DISJOINT_EXTEND;Test-59;21;1;1;[part, forDeveloper, channelType, eventType, location, locationRadius, maxResults, order, publishedBefore, regionCode, relevanceLanguage, safeSearch, topicId, type, videoCaption, videoCategoryId, videoDefinition, videoDimension, videoDuration, videoLicense:youtube, videoType];[videoLicense:creativeCommon];[];[];[];[];[]
MR199;DISJOINT_EXTEND;Test-49;19;1;1;[part, channelType, eventType, location, locationRadius, order, pageToken, publishedAfter, q, regionCode, relevanceLanguage, safeSearch, type, videoCaption, videoCategoryId, videoDimension, videoDuration, videoSyndicated, videoType:episode];[videoType:movie];[];[];[];[];[]
MR6;DISJOINT_EXTEND;Test-03;23;1;1;[part, forDeveloper, channelType, eventType, location, locationRadius, maxResults, onBehalfOfContentOwner, order, pageToken, publishedAfter, q, relevanceLanguage, safeSearch, type, videoCaption, videoCategoryId, videoDefinition:standard, videoDimension, videoEmbeddable, videoLicense, videoSyndicated, videoType];[videoDefinition:high];[];[];[];[];[]
MR177;DISJOINT_EXTEND;Test-43;18;2;2;[part, eventType:upcoming, location, locationRadius, maxResults, onBehalfOfContentOwner, order, publishedBefore, publishedAfter, q, safeSearch, type, videoDefinition, videoDimension, videoDuration, videoLicense, videoSyndicated, videoType];[eventType:completed];[eventType:live];[];[];[];[]
MR75;EQUIVALENCE_EXTEND;Test-16;21;1;1;[part, channelId, channelType, eventType, location, locationRadius, maxResults, publishedBefore, q, relevanceLanguage, safeSearch, topicId, type, videoCaption, videoCategoryId, videoDefinition, videoDimension, videoDuration, videoLicense, videoSyndicated, videoType];[videoEmbeddable:any];[];[];[];[];[]
MR171;DISJOINT_EXTEND;Test-42;18;2;2;[part, channelType, eventType, maxResults, onBehalfOfContentOwner, order, publishedBefore, publishedAfter, q, relevanceLanguage, type, videoCategoryId, videoDefinition, videoDimension, videoDuration:medium, videoEmbeddable, videoLicense, videoType];[videoDuration:long];[videoDuration:short];[];[];[];[]
MR148;EQUIVALENCE_EXTEND;Test-32;17;1;4;[part, channelType, eventType, location, locationRadius, maxResults, order, q, regionCode, relevanceLanguage, safeSearch, type, videoCaption, videoCategoryId, videoEmbeddable, videoLicense, videoType];[forDeveloper:false, videoDefinition:any, videoDimension:any, videoSyndicated:any];[];[];[];[];[]
MR138;EQUIVALENCE_EXTEND;Test-31;16;1;1;[part, channelId, location, locationRadius, maxResults, order, publishedBefore, publishedAfter, regionCode, type, videoCaption, videoDefinition, videoDimension, videoEmbeddable, videoSyndicated, videoType];[channelType:any];[];[];[];[];[]
MR72;DISJOINT_EXTEND;Test-16;21;1;1;[part, channelId, channelType, eventType, location, locationRadius, maxResults, publishedBefore, q, relevanceLanguage, safeSearch, topicId, type, videoCaption, videoCategoryId, videoDefinition, videoDimension:2d, videoDuration, videoLicense, videoSyndicated, videoType];[videoDimension:3d];[];[];[];[];[]
MR224;EQUIVALENCE_EXTEND;Test-53;19;1;3;[part, location, locationRadius, order, pageToken, publishedBefore, publishedAfter, q, regionCode, relevanceLanguage, safeSearch, topicId, type, videoCaption, videoDefinition, videoDimension, videoDuration, videoLicense, videoType];[channelType:any, forDeveloper:false, videoEmbeddable:any];[];[];[];[];[]
MR38;DISJOINT_EXTEND;Test-08;19;2;2;[part, channelType, eventType:upcoming, location, locationRadius, onBehalfOfContentOwner, order, pageToken, publishedAfter, q, relevanceLanguage, safeSearch, type, videoCaption, videoDefinition, videoDimension, videoLicense, videoSyndicated, videoType];[eventType:completed];[eventType:live];[];[];[];[]
MR111;EQUIVALENCE_EXTEND;Test-24;17;1;1;[part, channelId, channelType, eventType, maxResults, pageToken, q, regionCode, relevanceLanguage, safeSearch, type, videoCaption, videoCategoryId, videoDuration, videoLicense, videoSyndicated, videoType];[videoDimension:any];[];[];[];[];[]
MR186;EQUIVALENCE_EXTEND;Test-43;18;1;2;[part, eventType, location, locationRadius, maxResults, onBehalfOfContentOwner, order, publishedBefore, publishedAfter, q, safeSearch, type, videoDefinition, videoDimension, videoDuration, videoLicense, videoSyndicated, videoType];[channelType:any, videoCaption:any];[];[];[];[];[]
MR195;DISJOINT_EXTEND;Test-48;10;2;2;[part, forDeveloper, channelType, location, locationRadius, order, pageToken, regionCode, relevanceLanguage, type:playlist];[type:video];[type:channel];[];[];[];[]
MR114;DISJOINT_EXTEND;Test-25;13;1;1;[part, forDeveloper, channelId, location, locationRadius, maxResults, publishedBefore, publishedAfter, q, regionCode, safeSearch, topicId, type:playlist];[type:video];[];[];[];[];[]
MR239;EQUIVALENCE_EXTEND;Test-59;21;1;1;[part, forDeveloper, channelType, eventType, location, locationRadius, maxResults, order, publishedBefore, regionCode, relevanceLanguage, safeSearch, topicId, type, videoCaption, videoCategoryId, videoDefinition, videoDimension, videoDuration, videoLicense, videoType];[videoSyndicated:any];[];[];[];[];[]
MR9;DISJOINT_EXTEND;Test-03;23;1;1;[part, forDeveloper, channelType, eventType:completed, location, locationRadius, maxResults, onBehalfOfContentOwner, order, pageToken, publishedAfter, q, relevanceLanguage, safeSearch, type, videoCaption, videoCategoryId, videoDefinition, videoDimension, videoEmbeddable, videoLicense, videoSyndicated, videoType];[eventType:live];[];[];[];[];[]
MR208;DISJOINT_EXTEND;Test-51;11;1;1;[part, forDeveloper, channelType, location, locationRadius, onBehalfOfContentOwner, order, regionCode, relevanceLanguage, safeSearch, type:channel];[type:video];[];[];[];[];[]
MR98;DISJOINT_EXTEND;Test-23;22;1;1;[part, forDeveloper, channelId, channelType, eventType, location, locationRadius, onBehalfOfContentOwner, order, publishedBefore, publishedAfter, q, regionCode, safeSearch, topicId, type, videoCaption:none, videoDefinition, videoDimension, videoDuration, videoLicense, videoSyndicated];[videoCaption:closedCaption];[];[];[];[];[]
MR113;DISJOINT_EXTEND;Test-25;13;2;2;[part, forDeveloper, channelId, location, locationRadius, maxResults, publishedBefore, publishedAfter, q, regionCode, safeSearch, topicId, type:playlist];[type:video];[type:channel];[];[];[];[]
MR52;EQUIVALENCE_EXTEND;Test-10;21;1;4;[part, forDeveloper, channelType, location, locationRadius, maxResults, onBehalfOfContentOwner, order, publishedBefore, publishedAfter, q, regionCode, relevanceLanguage, safeSearch, topicId, type, videoCategoryId, videoDimension, videoDuration, videoEmbeddable, videoLicense];[videoCaption:any, videoDefinition:any, videoSyndicated:any, videoType:any];[];[];[];[];[]
MR142;DISJOINT_EXTEND;Test-32;17;1;1;[part, channelType, eventType, location, locationRadius, maxResults, order, q, regionCode, relevanceLanguage, safeSearch, type, videoCaption, videoCategoryId, videoEmbeddable, videoLicense, videoType:episode];[videoType:movie];[];[];[];[];[]
MR192;DISJOINT_EXTEND;Test-45;17;1;1;[part, forContentOwner, channelId, channelType, eventType, location, locationRadius, maxResults, onBehalfOfContentOwner, publishedAfter, q, relevanceLanguage, safeSearch, topicId, type, videoCaption:none, videoCategoryId];[videoCaption:closedCaption];[];[];[];[];[]
MR143;DISJOINT_EXTEND;Test-32;17;1;1;[part, channelType, eventType, location, locationRadius, maxResults, order, q, regionCode, relevanceLanguage, safeSearch, type, videoCaption:closedCaption, videoCategoryId, videoEmbeddable, videoLicense, videoType];[videoCaption:none];[];[];[];[];[]
MR80;DISJOINT_EXTEND;Test-19;17;1;1;[part, eventType, location, locationRadius, maxResults, order, pageToken, safeSearch, type, videoCategoryId, videoDefinition, videoDimension, videoDuration, videoEmbeddable, videoLicense:creativeCommon, videoSyndicated, videoType];[videoLicense:youtube];[];[];[];[];[]
MR234;DISJOINT_EXTEND;Test-58;15;1;1;[part, forContentOwner, channelType, eventType:live, location, locationRadius, maxResults, onBehalfOfContentOwner, publishedAfter, q, relevanceLanguage, safeSearch, type, videoCaption, videoCategoryId];[eventType:completed];[];[];[];[];[]
MR35;EQUIVALENCE_EXTEND;Test-07;14;2;5;[part, channelId, channelType, maxResults, publishedBefore, publishedAfter, regionCode, type, videoCaption, videoCategoryId, videoDefinition, videoDimension, videoEmbeddable, videoType];[order:relevance];[forDeveloper:false, safeSearch:moderate, videoLicense:any, videoSyndicated:any];[];[];[];[]
MR50;DISJOINT_EXTEND;Test-10;21;1;1;[part, forDeveloper, channelType, location, locationRadius, maxResults, onBehalfOfContentOwner, order, publishedBefore, publishedAfter, q, regionCode, relevanceLanguage, safeSearch, topicId, type, videoCategoryId, videoDimension, videoDuration:short, videoEmbeddable, videoLicense];[videoDuration:long];[];[];[];[];[]
MR110;EQUIVALENCE_EXTEND;Test-24;17;2;5;[part, channelId, channelType, eventType, maxResults, pageToken, q, regionCode, relevanceLanguage, safeSearch, type, videoCaption, videoCategoryId, videoDuration, videoLicense, videoSyndicated, videoType];[forDeveloper:false];[order:relevance, videoDefinition:any, videoDimension:any, videoEmbeddable:any];[];[];[];[]
MR102;EQUIVALENCE_EXTEND;Test-23;22;1;1;[part, forDeveloper, channelId, channelType, eventType, location, locationRadius, onBehalfOfContentOwner, order, publishedBefore, publishedAfter, q, regionCode, safeSearch, topicId, type, videoCaption, videoDefinition, videoDimension, videoDuration, videoLicense, videoSyndicated];[videoType:any];[];[];[];[];[]
MR45;DISJOINT_EXTEND;Test-09;22;1;1;[part, forDeveloper, channelId, eventType, location, locationRadius, order, pageToken, publishedBefore, publishedAfter, q, regionCode, relevanceLanguage, safeSearch, type, videoCaption, videoDefinition, videoDuration:long, videoEmbeddable, videoLicense, videoSyndicated, videoType];[videoDuration:medium];[];[];[];[];[]
MR226;EQUIVALENCE_EXTEND;Test-53;19;1;3;[part, location, locationRadius, order, pageToken, publishedBefore, publishedAfter, q, regionCode, relevanceLanguage, safeSearch, topicId, type, videoCaption, videoDefinition, videoDimension, videoDuration, videoLicense, videoType];[channelType:any, maxResults:5, videoSyndicated:any];[];[];[];[];[]
MR175;EQUIVALENCE_EXTEND;Test-42;18;1;1;[part, channelType, eventType, maxResults, onBehalfOfContentOwner, order, publishedBefore, publishedAfter, q, relevanceLanguage, type, videoCategoryId, videoDefinition, videoDimension, videoDuration, videoEmbeddable, videoLicense, videoType];[videoSyndicated:any];[];[];[];[];[]
MR84;EQUIVALENCE_EXTEND;Test-19;17;1;1;[part, eventType, location, locationRadius, maxResults, order, pageToken, safeSearch, type, videoCategoryId, videoDefinition, videoDimension, videoDuration, videoEmbeddable, videoLicense, videoSyndicated, videoType];[forDeveloper:false];[];[];[];[];[]
MR245;DISJOINT_EXTEND;Test-61;20;1;1;[part, forDeveloper, eventType, location, locationRadius, order, publishedAfter, q, regionCode, relevanceLanguage, safeSearch, topicId, type, videoDefinition, videoDimension:3d, videoDuration, videoEmbeddable, videoLicense, videoSyndicated, videoType];[videoDimension:2d];[];[];[];[];[]
MR232;EQUIVALENCE_EXTEND;Test-56;19;1;1;[part, channelType, location, locationRadius, onBehalfOfContentOwner, publishedBefore, publishedAfter, q, regionCode, relevanceLanguage, safeSearch, type, videoCaption, videoDefinition, videoDuration, videoEmbeddable, videoLicense, videoSyndicated, videoType];[maxResults:5];[];[];[];[];[]
MR189;DISJOINT_EXTEND;Test-44;20;1;1;[part, forDeveloper, channelType, eventType, location, locationRadius, maxResults, publishedBefore, q, safeSearch, topicId, type, videoCaption, videoDefinition:standard, videoDimension, videoDuration, videoEmbeddable, videoLicense, videoSyndicated, videoType];[videoDefinition:high];[];[];[];[];[]
